tweetDate,twitterId,handle,text,profileUrl,name,tweetLink,timestamp,query
Thu Feb 23 11:53:51 +0000 2023,2750356019,Isika_William9,"But no cash. Day 3, came by past 6am, just at the moment I am tweeting, they were just paying customers 2k each over the counter; not up to 60 customers and there's no more cash.

Really frustrating.
Bank branch is GT Bank, Jungle bus stop, Iju road, Lagos",https://twitter.com/Isika_William9,Isika William,https://twitter.com/Isika_William9/status/1628724817640800256,2023-05-03T21:49:36.632Z,https://twitter.com/search?q=place%3A005b1ca97c765852%20OR%20place%3A0065f09a6666479e%20OR%20place%3A006c6743642cb09c%20OR%20place%3A00817d75276a95cf%20OR%20place%3A0092317544a6407b%20OR%20place%3A00c769811539c617%20OR%20place%3A00dbc7be640fb489%20OR%20place%3A00e55e2b4c491c5f%20OR%20place%3A0105ed72415dc316%20OR%20place%3A01c46739344ba9f6%20OR%20place%3A01e9308446d7928e%20OR%20place%3A01eddd9d0dbec2c8%20OR%20place%3A59b27337f38d658b%20%22No%20Cash%22%20since%3A2022-12-01%20until%3A2023-02-24%20lang%3Aen%20-price%20-%22buy%20now%22&src=typed_query&f=live
Wed Feb 22 08:33:40 +0000 2023,1168511611449069568,0MO_OBA,@FirstBankngr your branch at Town planning ring road Ibadan has stop operating even to people that want to resolve issues at the customer service....I've being there for 3days now just to correct my name on BVN all effort to no avail they insisted there's no cash no entry.....,https://twitter.com/0MO_OBA,SBM,https://twitter.com/0MO_OBA/status/1628312050542804993,2023-05-03T21:49:36.632Z,https://twitter.com/search?q=place%3A005b1ca97c765852%20OR%20place%3A0065f09a6666479e%20OR%20place%3A006c6743642cb09c%20OR%20place%3A00817d75276a95cf%20OR%20place%3A0092317544a6407b%20OR%20place%3A00c769811539c617%20OR%20place%3A00dbc7be640fb489%20OR%20place%3A00e55e2b4c491c5f%20OR%20place%3A0105ed72415dc316%20OR%20place%3A01c46739344ba9f6%20OR%20place%3A01e9308446d7928e%20OR%20place%3A01eddd9d0dbec2c8%20OR%20place%3A59b27337f38d658b%20%22No%20Cash%22%20since%3A2022-12-01%20until%3A2023-02-24%20lang%3Aen%20-price%20-%22buy%20now%22&src=typed_query&f=live
Tue Feb 21 15:01:38 +0000 2023,1204461098763726849,photobyeazy,"Nothing currently is working 
Phone internet down
No cash
Cant even make calls ü§¶‚Äç‚ôÇÔ∏è",https://twitter.com/photobyeazy,EAZYPHOTOS,https://twitter.com/photobyeazy/status/1628047297836728321,2023-05-03T21:49:36.632Z,https://twitter.com/search?q=place%3A005b1ca97c765852%20OR%20place%3A0065f09a6666479e%20OR%20place%3A006c6743642cb09c%20OR%20place%3A00817d75276a95cf%20OR%20place%3A0092317544a6407b%20OR%20place%3A00c769811539c617%20OR%20place%3A00dbc7be640fb489%20OR%20place%3A00e55e2b4c491c5f%20OR%20place%3A0105ed72415dc316%20OR%20place%3A01c46739344ba9f6%20OR%20place%3A01e9308446d7928e%20OR%20place%3A01eddd9d0dbec2c8%20OR%20place%3A59b27337f38d658b%20%22No%20Cash%22%20since%3A2022-12-01%20until%3A2023-02-24%20lang%3Aen%20-price%20-%22buy%20now%22&src=typed_query&f=live
Tue Feb 21 15:09:14 +0000 2023,263228352,adeboye_j,"Tell me why I dey Ojota since and I no fi move because nobody wan collect transfer üò´üò´üò´

POS people say no cash too üò≠üò≠",https://twitter.com/adeboye_j,‚ù§Ô∏è & üí°,https://twitter.com/adeboye_j/status/1628049213840924673,2023-05-03T21:49:36.632Z,https://twitter.com/search?q=place%3A005b1ca97c765852%20OR%20place%3A0065f09a6666479e%20OR%20place%3A006c6743642cb09c%20OR%20place%3A00817d75276a95cf%20OR%20place%3A0092317544a6407b%20OR%20place%3A00c769811539c617%20OR%20place%3A00dbc7be640fb489%20OR%20place%3A00e55e2b4c491c5f%20OR%20place%3A0105ed72415dc316%20OR%20place%3A01c46739344ba9f6%20OR%20place%3A01e9308446d7928e%20OR%20place%3A01eddd9d0dbec2c8%20OR%20place%3A59b27337f38d658b%20%22No%20Cash%22%20since%3A2022-12-01%20until%3A2023-02-24%20lang%3Aen%20-price%20-%22buy%20now%22&src=typed_query&f=live
Tue Feb 21 17:06:53 +0000 2023,183326881,DemolaAdesina,"I'm feeling the heat of the 'cashless' society today but no worries so long it's for the greater good.

I left home with my vehicle and the worst happened - brake failed. 
They couldn't get it fixed so I needed to park and take public transport and yes you guessed right, no cash.",https://twitter.com/DemolaAdesina,√Äy√†nf√© El√©d√πmar√®,https://twitter.com/DemolaAdesina/status/1628078817888677915,2023-05-03T21:49:36.632Z,https://twitter.com/search?q=place%3A005b1ca97c765852%20OR%20place%3A0065f09a6666479e%20OR%20place%3A006c6743642cb09c%20OR%20place%3A00817d75276a95cf%20OR%20place%3A0092317544a6407b%20OR%20place%3A00c769811539c617%20OR%20place%3A00dbc7be640fb489%20OR%20place%3A00e55e2b4c491c5f%20OR%20place%3A0105ed72415dc316%20OR%20place%3A01c46739344ba9f6%20OR%20place%3A01e9308446d7928e%20OR%20place%3A01eddd9d0dbec2c8%20OR%20place%3A59b27337f38d658b%20%22No%20Cash%22%20since%3A2022-12-01%20until%3A2023-02-24%20lang%3Aen%20-price%20-%22buy%20now%22&src=typed_query&f=live
Tue Feb 21 07:56:17 +0000 2023,292907555,Abutreeka_10,"2020: luck down üîΩ 
2021 : End SARS 
2022: SIM blocked 
2023: No cash 
2024: maybe zombie go enter Nigeria  üá≥üá¨ ü§î
#NigeriaDecides2023 #Novotebuying",https://twitter.com/Abutreeka_10,Abubakar&Iklimah Avive Citizen,https://twitter.com/Abutreeka_10/status/1627940255167877120,2023-05-03T21:49:36.632Z,https://twitter.com/search?q=place%3A005b1ca97c765852%20OR%20place%3A0065f09a6666479e%20OR%20place%3A006c6743642cb09c%20OR%20place%3A00817d75276a95cf%20OR%20place%3A0092317544a6407b%20OR%20place%3A00c769811539c617%20OR%20place%3A00dbc7be640fb489%20OR%20place%3A00e55e2b4c491c5f%20OR%20place%3A0105ed72415dc316%20OR%20place%3A01c46739344ba9f6%20OR%20place%3A01e9308446d7928e%20OR%20place%3A01eddd9d0dbec2c8%20OR%20place%3A59b27337f38d658b%20%22No%20Cash%22%20since%3A2022-12-01%20until%3A2023-02-24%20lang%3Aen%20-price%20-%22buy%20now%22&src=typed_query&f=live
Tue Feb 21 13:39:00 +0000 2023,1486016303026610188,ALBAKANWWY001,Na every war we don face for this country üá≥üá¨Subsidy‚úÖCorona‚úÖNo Cash‚úÖInsecurity‚úÖNo light‚úÖ make we sah no see Vampire war now cause I no get strength to run ü§≤üòÇ#bbrightvc #Putin,https://twitter.com/ALBAKANWWY001,ALBAKANWWY001,https://twitter.com/ALBAKANWWY001/status/1628026505908432896,2023-05-03T21:49:36.632Z,https://twitter.com/search?q=place%3A005b1ca97c765852%20OR%20place%3A0065f09a6666479e%20OR%20place%3A006c6743642cb09c%20OR%20place%3A00817d75276a95cf%20OR%20place%3A0092317544a6407b%20OR%20place%3A00c769811539c617%20OR%20place%3A00dbc7be640fb489%20OR%20place%3A00e55e2b4c491c5f%20OR%20place%3A0105ed72415dc316%20OR%20place%3A01c46739344ba9f6%20OR%20place%3A01e9308446d7928e%20OR%20place%3A01eddd9d0dbec2c8%20OR%20place%3A59b27337f38d658b%20%22No%20Cash%22%20since%3A2022-12-01%20until%3A2023-02-24%20lang%3Aen%20-price%20-%22buy%20now%22&src=typed_query&f=live
Wed Feb 22 14:22:56 +0000 2023,2763284809,Mcbumnik,"Some have cash but cannot spend.
Some can spend and but they have no cash.
Ati cash ati spend, I no get any.
But glory be to thee O Lord.",https://twitter.com/Mcbumnik,Olubunmi,https://twitter.com/Mcbumnik/status/1628399946977234944,2023-05-03T21:49:36.632Z,https://twitter.com/search?q=place%3A005b1ca97c765852%20OR%20place%3A0065f09a6666479e%20OR%20place%3A006c6743642cb09c%20OR%20place%3A00817d75276a95cf%20OR%20place%3A0092317544a6407b%20OR%20place%3A00c769811539c617%20OR%20place%3A00dbc7be640fb489%20OR%20place%3A00e55e2b4c491c5f%20OR%20place%3A0105ed72415dc316%20OR%20place%3A01c46739344ba9f6%20OR%20place%3A01e9308446d7928e%20OR%20place%3A01eddd9d0dbec2c8%20OR%20place%3A59b27337f38d658b%20%22No%20Cash%22%20since%3A2022-12-01%20until%3A2023-02-24%20lang%3Aen%20-price%20-%22buy%20now%22&src=typed_query&f=live
Thu Feb 23 15:51:30 +0000 2023,1358273459969753090,lewis_ebo,@dizboicole Help me with physical cash to give to my parents to help them feed just frustrated where I am hearing to can't feed cos no cash at hand ND no POS or means to get cash.,https://twitter.com/lewis_ebo,Ebo Lewis Emefiele,https://twitter.com/lewis_ebo/status/1628784623801999360,2023-05-03T21:49:36.632Z,https://twitter.com/search?q=place%3A005b1ca97c765852%20OR%20place%3A0065f09a6666479e%20OR%20place%3A006c6743642cb09c%20OR%20place%3A00817d75276a95cf%20OR%20place%3A0092317544a6407b%20OR%20place%3A00c769811539c617%20OR%20place%3A00dbc7be640fb489%20OR%20place%3A00e55e2b4c491c5f%20OR%20place%3A0105ed72415dc316%20OR%20place%3A01c46739344ba9f6%20OR%20place%3A01e9308446d7928e%20OR%20place%3A01eddd9d0dbec2c8%20OR%20place%3A59b27337f38d658b%20%22No%20Cash%22%20since%3A2022-12-01%20until%3A2023-02-24%20lang%3Aen%20-price%20-%22buy%20now%22&src=typed_query&f=live
Thu Feb 23 18:34:40 +0000 2023,2231681072,Tifeade_,@Paschalray2 @FunmiKolz But I don't have a choice man. I've to take transport to the next supermarket  and there's no cash for that.,https://twitter.com/Tifeade_,Tife Adewaleü§µüèæ‚Äç‚ôÇÔ∏è‚úÇÔ∏èüë∞üèæ‚Äç‚ôÄÔ∏è,https://twitter.com/Tifeade_/status/1628825687007105024,2023-05-03T21:49:36.632Z,https://twitter.com/search?q=place%3A005b1ca97c765852%20OR%20place%3A0065f09a6666479e%20OR%20place%3A006c6743642cb09c%20OR%20place%3A00817d75276a95cf%20OR%20place%3A0092317544a6407b%20OR%20place%3A00c769811539c617%20OR%20place%3A00dbc7be640fb489%20OR%20place%3A00e55e2b4c491c5f%20OR%20place%3A0105ed72415dc316%20OR%20place%3A01c46739344ba9f6%20OR%20place%3A01e9308446d7928e%20OR%20place%3A01eddd9d0dbec2c8%20OR%20place%3A59b27337f38d658b%20%22No%20Cash%22%20since%3A2022-12-01%20until%3A2023-02-24%20lang%3Aen%20-price%20-%22buy%20now%22&src=typed_query&f=live
Tue Feb 21 19:09:01 +0000 2023,1112755897149898755,otunbaslow5,"@ShehuSani I saw it coming, since there's no cash",https://twitter.com/otunbaslow5,Otunbaslow5ü§öü§ö,https://twitter.com/otunbaslow5/status/1628109554775883785,2023-05-03T21:49:36.632Z,https://twitter.com/search?q=place%3A005b1ca97c765852%20OR%20place%3A0065f09a6666479e%20OR%20place%3A006c6743642cb09c%20OR%20place%3A00817d75276a95cf%20OR%20place%3A0092317544a6407b%20OR%20place%3A00c769811539c617%20OR%20place%3A00dbc7be640fb489%20OR%20place%3A00e55e2b4c491c5f%20OR%20place%3A0105ed72415dc316%20OR%20place%3A01c46739344ba9f6%20OR%20place%3A01e9308446d7928e%20OR%20place%3A01eddd9d0dbec2c8%20OR%20place%3A59b27337f38d658b%20%22No%20Cash%22%20since%3A2022-12-01%20until%3A2023-02-24%20lang%3Aen%20-price%20-%22buy%20now%22&src=typed_query&f=live
Wed Feb 22 17:35:03 +0000 2023,3112391736,sdqolami,"@access_more @accessbank_help @myaccessbank
Why would you debit for a transfer #8200 and the other account not getting credited. What is the problem. No cash and frustrating online transaction",https://twitter.com/sdqolami,DARAMOLA,https://twitter.com/sdqolami/status/1628448297504448515,2023-05-03T21:49:36.632Z,https://twitter.com/search?q=place%3A005b1ca97c765852%20OR%20place%3A0065f09a6666479e%20OR%20place%3A006c6743642cb09c%20OR%20place%3A00817d75276a95cf%20OR%20place%3A0092317544a6407b%20OR%20place%3A00c769811539c617%20OR%20place%3A00dbc7be640fb489%20OR%20place%3A00e55e2b4c491c5f%20OR%20place%3A0105ed72415dc316%20OR%20place%3A01c46739344ba9f6%20OR%20place%3A01e9308446d7928e%20OR%20place%3A01eddd9d0dbec2c8%20OR%20place%3A59b27337f38d658b%20%22No%20Cash%22%20since%3A2022-12-01%20until%3A2023-02-24%20lang%3Aen%20-price%20-%22buy%20now%22&src=typed_query&f=live
Wed Feb 22 21:47:16 +0000 2023,3112391736,sdqolami,"@myaccessbank @access_more @accessbank_help @myaccessbank
Why would you debit for a transfer of #8200 and the other account not getting credited. What is the problem. No cash and frustrating online transaction",https://twitter.com/sdqolami,DARAMOLA,https://twitter.com/sdqolami/status/1628511767184777216,2023-05-03T21:49:36.632Z,https://twitter.com/search?q=place%3A005b1ca97c765852%20OR%20place%3A0065f09a6666479e%20OR%20place%3A006c6743642cb09c%20OR%20place%3A00817d75276a95cf%20OR%20place%3A0092317544a6407b%20OR%20place%3A00c769811539c617%20OR%20place%3A00dbc7be640fb489%20OR%20place%3A00e55e2b4c491c5f%20OR%20place%3A0105ed72415dc316%20OR%20place%3A01c46739344ba9f6%20OR%20place%3A01e9308446d7928e%20OR%20place%3A01eddd9d0dbec2c8%20OR%20place%3A59b27337f38d658b%20%22No%20Cash%22%20since%3A2022-12-01%20until%3A2023-02-24%20lang%3Aen%20-price%20-%22buy%20now%22&src=typed_query&f=live
Mon Feb 20 21:49:07 +0000 2023,315064677,tobi_j_,Because I have no cash I am going to bed hungry.,https://twitter.com/tobi_j_,Tobi J...,https://twitter.com/tobi_j_/status/1627787459516932096,2023-05-03T21:49:36.632Z,https://twitter.com/search?q=place%3A005b1ca97c765852%20OR%20place%3A0065f09a6666479e%20OR%20place%3A006c6743642cb09c%20OR%20place%3A00817d75276a95cf%20OR%20place%3A0092317544a6407b%20OR%20place%3A00c769811539c617%20OR%20place%3A00dbc7be640fb489%20OR%20place%3A00e55e2b4c491c5f%20OR%20place%3A0105ed72415dc316%20OR%20place%3A01c46739344ba9f6%20OR%20place%3A01e9308446d7928e%20OR%20place%3A01eddd9d0dbec2c8%20OR%20place%3A59b27337f38d658b%20%22No%20Cash%22%20since%3A2022-12-01%20until%3A2023-02-24%20lang%3Aen%20-price%20-%22buy%20now%22&src=typed_query&f=live
Wed Feb 22 13:33:35 +0000 2023,1627520092819931137,GoldenAlinco,"No cash no problem. 

Don't allow lack of cash to stop you from going about your day,

We accept bank transfer.

Book us now and enjoy amazing Discounts only on
Use my promocode *trycabu80%* to save 80% on your first cabu rides 

#CabuYourBestRideNow https://t.co/RimmS8Gl7k",https://twitter.com/GoldenAlinco,GoldenAlincoüí°,https://twitter.com/GoldenAlinco/status/1628387528502829056,2023-05-03T21:49:36.632Z,https://twitter.com/search?q=place%3A005b1ca97c765852%20OR%20place%3A0065f09a6666479e%20OR%20place%3A006c6743642cb09c%20OR%20place%3A00817d75276a95cf%20OR%20place%3A0092317544a6407b%20OR%20place%3A00c769811539c617%20OR%20place%3A00dbc7be640fb489%20OR%20place%3A00e55e2b4c491c5f%20OR%20place%3A0105ed72415dc316%20OR%20place%3A01c46739344ba9f6%20OR%20place%3A01e9308446d7928e%20OR%20place%3A01eddd9d0dbec2c8%20OR%20place%3A59b27337f38d658b%20%22No%20Cash%22%20since%3A2022-12-01%20until%3A2023-02-24%20lang%3Aen%20-price%20-%22buy%20now%22&src=typed_query&f=live
Tue Feb 21 11:09:24 +0000 2023,1360767661446209536,OghillsTechLtd,No Cash + Fuel scarcity == Less Traffic in Lagos state.,https://twitter.com/OghillsTechLtd,Mobile Fixerüîåüì±üíª,https://twitter.com/OghillsTechLtd/status/1627988856334155778,2023-05-03T21:49:36.632Z,https://twitter.com/search?q=place%3A005b1ca97c765852%20OR%20place%3A0065f09a6666479e%20OR%20place%3A006c6743642cb09c%20OR%20place%3A00817d75276a95cf%20OR%20place%3A0092317544a6407b%20OR%20place%3A00c769811539c617%20OR%20place%3A00dbc7be640fb489%20OR%20place%3A00e55e2b4c491c5f%20OR%20place%3A0105ed72415dc316%20OR%20place%3A01c46739344ba9f6%20OR%20place%3A01e9308446d7928e%20OR%20place%3A01eddd9d0dbec2c8%20OR%20place%3A59b27337f38d658b%20%22No%20Cash%22%20since%3A2022-12-01%20until%3A2023-02-24%20lang%3Aen%20-price%20-%22buy%20now%22&src=typed_query&f=live
Wed Feb 22 17:31:52 +0000 2023,3220080825,misss__audrey,"Where are those irritating ""just do a transfer"" merchants.
I've spent almost one hour in the supermarket, POS is not working, obviously no cash.",https://twitter.com/misss__audrey,Dre.,https://twitter.com/misss__audrey/status/1628447493817081858,2023-05-03T21:49:36.632Z,https://twitter.com/search?q=place%3A005b1ca97c765852%20OR%20place%3A0065f09a6666479e%20OR%20place%3A006c6743642cb09c%20OR%20place%3A00817d75276a95cf%20OR%20place%3A0092317544a6407b%20OR%20place%3A00c769811539c617%20OR%20place%3A00dbc7be640fb489%20OR%20place%3A00e55e2b4c491c5f%20OR%20place%3A0105ed72415dc316%20OR%20place%3A01c46739344ba9f6%20OR%20place%3A01e9308446d7928e%20OR%20place%3A01eddd9d0dbec2c8%20OR%20place%3A59b27337f38d658b%20%22No%20Cash%22%20since%3A2022-12-01%20until%3A2023-02-24%20lang%3Aen%20-price%20-%22buy%20now%22&src=typed_query&f=live
Tue Feb 21 12:30:29 +0000 2023,290555551,OpeyeWaydem,@FeedbackOYSG these people did not change at all. They don't take it easy with public a brother was at adeoyo hospital to conduct a test this  morning and there is no cash with him they  don't provide pos neither do they accept transfer. Do your underground investgation.,https://twitter.com/OpeyeWaydem,opeyemi waheed,https://twitter.com/OpeyeWaydem/status/1628009259249147904,2023-05-03T21:49:36.632Z,https://twitter.com/search?q=place%3A005b1ca97c765852%20OR%20place%3A0065f09a6666479e%20OR%20place%3A006c6743642cb09c%20OR%20place%3A00817d75276a95cf%20OR%20place%3A0092317544a6407b%20OR%20place%3A00c769811539c617%20OR%20place%3A00dbc7be640fb489%20OR%20place%3A00e55e2b4c491c5f%20OR%20place%3A0105ed72415dc316%20OR%20place%3A01c46739344ba9f6%20OR%20place%3A01e9308446d7928e%20OR%20place%3A01eddd9d0dbec2c8%20OR%20place%3A59b27337f38d658b%20%22No%20Cash%22%20since%3A2022-12-01%20until%3A2023-02-24%20lang%3Aen%20-price%20-%22buy%20now%22&src=typed_query&f=live
Tue Feb 21 22:42:29 +0000 2023,206814100,oil_shaeikh,"Told bois in my street that there‚Äôs no cash, they said Alhaji ‚Äúe te fun wa‚Äù agbero don Dey collect transfer üòÇ Wetin Buhari no go cause like this ?",https://twitter.com/oil_shaeikh,Engr Yasir Arafat Jubrilüèóüè¢üåâüõ§üõ£,https://twitter.com/oil_shaeikh/status/1628163274163249153,2023-05-03T21:49:36.632Z,https://twitter.com/search?q=place%3A005b1ca97c765852%20OR%20place%3A0065f09a6666479e%20OR%20place%3A006c6743642cb09c%20OR%20place%3A00817d75276a95cf%20OR%20place%3A0092317544a6407b%20OR%20place%3A00c769811539c617%20OR%20place%3A00dbc7be640fb489%20OR%20place%3A00e55e2b4c491c5f%20OR%20place%3A0105ed72415dc316%20OR%20place%3A01c46739344ba9f6%20OR%20place%3A01e9308446d7928e%20OR%20place%3A01eddd9d0dbec2c8%20OR%20place%3A59b27337f38d658b%20%22No%20Cash%22%20since%3A2022-12-01%20until%3A2023-02-24%20lang%3Aen%20-price%20-%22buy%20now%22&src=typed_query&f=live
Wed Feb 22 10:46:41 +0000 2023,1485528244023611392,godstime_egbo,"@j0wizazaa #GoldenPennySpread sir 50k 
Go repair my generator sir na laundry work I dey do,no light for my area badagry no cash for my hand ooo abeg sir
3088598117. First bank Egbo oke-oghene Godstime",https://twitter.com/godstime_egbo,Godstime Egbo,https://twitter.com/godstime_egbo/status/1628345527128424449,2023-05-03T21:49:36.632Z,https://twitter.com/search?q=place%3A005b1ca97c765852%20OR%20place%3A0065f09a6666479e%20OR%20place%3A006c6743642cb09c%20OR%20place%3A00817d75276a95cf%20OR%20place%3A0092317544a6407b%20OR%20place%3A00c769811539c617%20OR%20place%3A00dbc7be640fb489%20OR%20place%3A00e55e2b4c491c5f%20OR%20place%3A0105ed72415dc316%20OR%20place%3A01c46739344ba9f6%20OR%20place%3A01e9308446d7928e%20OR%20place%3A01eddd9d0dbec2c8%20OR%20place%3A59b27337f38d658b%20%22No%20Cash%22%20since%3A2022-12-01%20until%3A2023-02-24%20lang%3Aen%20-price%20-%22buy%20now%22&src=typed_query&f=live
Mon Feb 20 09:04:51 +0000 2023,1131170459750473728,monsieurogidi,"I actually woke up angry, I can‚Äôt move or go to class or do anything cus I don‚Äôt have cash, I don‚Äôt think people know how reckless this thing, some are hoarding it, when people need to travel, go home I can‚Äôt go home to my mom because of no cash, I don‚Äôt believe in this place man",https://twitter.com/monsieurogidi,The Scent Mafia üíÄü§µüèæ‚Äç‚ôÇÔ∏è,https://twitter.com/monsieurogidi/status/1627595123671326720,2023-05-03T21:49:36.632Z,https://twitter.com/search?q=place%3A005b1ca97c765852%20OR%20place%3A0065f09a6666479e%20OR%20place%3A006c6743642cb09c%20OR%20place%3A00817d75276a95cf%20OR%20place%3A0092317544a6407b%20OR%20place%3A00c769811539c617%20OR%20place%3A00dbc7be640fb489%20OR%20place%3A00e55e2b4c491c5f%20OR%20place%3A0105ed72415dc316%20OR%20place%3A01c46739344ba9f6%20OR%20place%3A01e9308446d7928e%20OR%20place%3A01eddd9d0dbec2c8%20OR%20place%3A59b27337f38d658b%20%22No%20Cash%22%20since%3A2022-12-01%20until%3A2023-02-24%20lang%3Aen%20-price%20-%22buy%20now%22&src=typed_query&f=live
Sat Feb 18 10:23:27 +0000 2023,1136092476,iam_Bioluwatife,"Hello GTBANK I'm yet to get reversal after the ATM  power out at the point of cash dispense at GTBANK branch along Opebi link bridge on 6th of February 2023  which I was debited, no cash was dispense and my ATM card was returned.
Please I need my money bank @gtbank",https://twitter.com/iam_Bioluwatife,Omo Ayan,https://twitter.com/iam_Bioluwatife/status/1626890130320498688,2023-05-03T21:49:36.632Z,https://twitter.com/search?q=place%3A005b1ca97c765852%20OR%20place%3A0065f09a6666479e%20OR%20place%3A006c6743642cb09c%20OR%20place%3A00817d75276a95cf%20OR%20place%3A0092317544a6407b%20OR%20place%3A00c769811539c617%20OR%20place%3A00dbc7be640fb489%20OR%20place%3A00e55e2b4c491c5f%20OR%20place%3A0105ed72415dc316%20OR%20place%3A01c46739344ba9f6%20OR%20place%3A01e9308446d7928e%20OR%20place%3A01eddd9d0dbec2c8%20OR%20place%3A59b27337f38d658b%20%22No%20Cash%22%20since%3A2022-12-01%20until%3A2023-02-24%20lang%3Aen%20-price%20-%22buy%20now%22&src=typed_query&f=live
Mon Feb 20 18:10:54 +0000 2023,3630952227,Mirabel_098,Who else is trekking home cos of no cash at hand ?,https://twitter.com/Mirabel_098,Omowunmi,https://twitter.com/Mirabel_098/status/1627732541569437698,2023-05-03T21:49:36.632Z,https://twitter.com/search?q=place%3A005b1ca97c765852%20OR%20place%3A0065f09a6666479e%20OR%20place%3A006c6743642cb09c%20OR%20place%3A00817d75276a95cf%20OR%20place%3A0092317544a6407b%20OR%20place%3A00c769811539c617%20OR%20place%3A00dbc7be640fb489%20OR%20place%3A00e55e2b4c491c5f%20OR%20place%3A0105ed72415dc316%20OR%20place%3A01c46739344ba9f6%20OR%20place%3A01e9308446d7928e%20OR%20place%3A01eddd9d0dbec2c8%20OR%20place%3A59b27337f38d658b%20%22No%20Cash%22%20since%3A2022-12-01%20until%3A2023-02-24%20lang%3Aen%20-price%20-%22buy%20now%22&src=typed_query&f=live
Mon Feb 20 11:19:49 +0000 2023,2290469884,mhs4lyf,@Fareed_Dbt No cash,https://twitter.com/mhs4lyf,Muhammad,https://twitter.com/mhs4lyf/status/1627629090726371329,2023-05-03T21:49:36.632Z,https://twitter.com/search?q=place%3A005b1ca97c765852%20OR%20place%3A0065f09a6666479e%20OR%20place%3A006c6743642cb09c%20OR%20place%3A00817d75276a95cf%20OR%20place%3A0092317544a6407b%20OR%20place%3A00c769811539c617%20OR%20place%3A00dbc7be640fb489%20OR%20place%3A00e55e2b4c491c5f%20OR%20place%3A0105ed72415dc316%20OR%20place%3A01c46739344ba9f6%20OR%20place%3A01e9308446d7928e%20OR%20place%3A01eddd9d0dbec2c8%20OR%20place%3A59b27337f38d658b%20%22No%20Cash%22%20since%3A2022-12-01%20until%3A2023-02-24%20lang%3Aen%20-price%20-%22buy%20now%22&src=typed_query&f=live
Sun Feb 19 14:19:28 +0000 2023,755361821759004672,Amidu_Climate,"@OlumideIDOWU I have been thinking same, no cash to even go to work tomorrow.  I hope HR will understand.",https://twitter.com/Amidu_Climate,Amidu Mohammed Dabban,https://twitter.com/Amidu_Climate/status/1627311910369562626,2023-05-03T21:49:36.632Z,https://twitter.com/search?q=place%3A005b1ca97c765852%20OR%20place%3A0065f09a6666479e%20OR%20place%3A006c6743642cb09c%20OR%20place%3A00817d75276a95cf%20OR%20place%3A0092317544a6407b%20OR%20place%3A00c769811539c617%20OR%20place%3A00dbc7be640fb489%20OR%20place%3A00e55e2b4c491c5f%20OR%20place%3A0105ed72415dc316%20OR%20place%3A01c46739344ba9f6%20OR%20place%3A01e9308446d7928e%20OR%20place%3A01eddd9d0dbec2c8%20OR%20place%3A59b27337f38d658b%20%22No%20Cash%22%20since%3A2022-12-01%20until%3A2023-02-24%20lang%3Aen%20-price%20-%22buy%20now%22&src=typed_query&f=live
Mon Feb 20 10:23:27 +0000 2023,997871920317108225,fairmoney_ng,"No cash? No worries!

Pay your bills on the FairMoney app at a discount and get 2% cash back!

Click link below to download the app and try.

https://t.co/gsIQo0JoWj https://t.co/urMaspfoJH",https://twitter.com/fairmoney_ng,FairMoney Microfinance Bank,https://twitter.com/fairmoney_ng/status/1627614905665785857,2023-05-03T21:49:36.632Z,https://twitter.com/search?q=place%3A005b1ca97c765852%20OR%20place%3A0065f09a6666479e%20OR%20place%3A006c6743642cb09c%20OR%20place%3A00817d75276a95cf%20OR%20place%3A0092317544a6407b%20OR%20place%3A00c769811539c617%20OR%20place%3A00dbc7be640fb489%20OR%20place%3A00e55e2b4c491c5f%20OR%20place%3A0105ed72415dc316%20OR%20place%3A01c46739344ba9f6%20OR%20place%3A01e9308446d7928e%20OR%20place%3A01eddd9d0dbec2c8%20OR%20place%3A59b27337f38d658b%20%22No%20Cash%22%20since%3A2022-12-01%20until%3A2023-02-24%20lang%3Aen%20-price%20-%22buy%20now%22&src=typed_query&f=live
Sun Feb 19 08:10:22 +0000 2023,1243018462135492611,___Motolani,"@CLADBYNAHS @BecomingMoree Tomao na atm stand I go resume work, no cash to go anywhere. Pressure ti wa",https://twitter.com/___Motolani,Motolani,https://twitter.com/___Motolani/status/1627219023745130497,2023-05-03T21:49:36.632Z,https://twitter.com/search?q=place%3A005b1ca97c765852%20OR%20place%3A0065f09a6666479e%20OR%20place%3A006c6743642cb09c%20OR%20place%3A00817d75276a95cf%20OR%20place%3A0092317544a6407b%20OR%20place%3A00c769811539c617%20OR%20place%3A00dbc7be640fb489%20OR%20place%3A00e55e2b4c491c5f%20OR%20place%3A0105ed72415dc316%20OR%20place%3A01c46739344ba9f6%20OR%20place%3A01e9308446d7928e%20OR%20place%3A01eddd9d0dbec2c8%20OR%20place%3A59b27337f38d658b%20%22No%20Cash%22%20since%3A2022-12-01%20until%3A2023-02-24%20lang%3Aen%20-price%20-%22buy%20now%22&src=typed_query&f=live
Sun Feb 19 13:09:49 +0000 2023,1079236609,toyosky4real,"Someone said cash or no cash the masses will vote for Asiwaju Tinubu in this election on deferred payment because many Nigerians trust him to be bankable and credit worthy. 

That is the mindset Tinubu‚Äôs voters are taking to February 25th.

A maa dibo, a maa wole! https://t.co/9qWTEkBLyN",https://twitter.com/toyosky4real,Toyosi WellBeing Couture ‚úÇÔ∏èüßµ,https://twitter.com/toyosky4real/status/1627294383329476610,2023-05-03T21:49:36.632Z,https://twitter.com/search?q=place%3A005b1ca97c765852%20OR%20place%3A0065f09a6666479e%20OR%20place%3A006c6743642cb09c%20OR%20place%3A00817d75276a95cf%20OR%20place%3A0092317544a6407b%20OR%20place%3A00c769811539c617%20OR%20place%3A00dbc7be640fb489%20OR%20place%3A00e55e2b4c491c5f%20OR%20place%3A0105ed72415dc316%20OR%20place%3A01c46739344ba9f6%20OR%20place%3A01e9308446d7928e%20OR%20place%3A01eddd9d0dbec2c8%20OR%20place%3A59b27337f38d658b%20%22No%20Cash%22%20since%3A2022-12-01%20until%3A2023-02-24%20lang%3Aen%20-price%20-%22buy%20now%22&src=typed_query&f=live
Mon Feb 20 07:50:01 +0000 2023,1535882147130511361,hypedoctor1,This issue of No Cash is really affecting my work @RealChiefPriest @oluwadolarz__,https://twitter.com/hypedoctor1,PapMentorüé§,https://twitter.com/hypedoctor1/status/1627576292424970240,2023-05-03T21:49:36.632Z,https://twitter.com/search?q=place%3A005b1ca97c765852%20OR%20place%3A0065f09a6666479e%20OR%20place%3A006c6743642cb09c%20OR%20place%3A00817d75276a95cf%20OR%20place%3A0092317544a6407b%20OR%20place%3A00c769811539c617%20OR%20place%3A00dbc7be640fb489%20OR%20place%3A00e55e2b4c491c5f%20OR%20place%3A0105ed72415dc316%20OR%20place%3A01c46739344ba9f6%20OR%20place%3A01e9308446d7928e%20OR%20place%3A01eddd9d0dbec2c8%20OR%20place%3A59b27337f38d658b%20%22No%20Cash%22%20since%3A2022-12-01%20until%3A2023-02-24%20lang%3Aen%20-price%20-%22buy%20now%22&src=typed_query&f=live
Sat Feb 18 12:13:39 +0000 2023,3142175729,t00n_days,"No light, no cash.
Small time person go craze ü§≤üèæüò´",https://twitter.com/t00n_days,Tunde Adebonaüç•,https://twitter.com/t00n_days/status/1626917860466388993,2023-05-03T21:49:36.632Z,https://twitter.com/search?q=place%3A005b1ca97c765852%20OR%20place%3A0065f09a6666479e%20OR%20place%3A006c6743642cb09c%20OR%20place%3A00817d75276a95cf%20OR%20place%3A0092317544a6407b%20OR%20place%3A00c769811539c617%20OR%20place%3A00dbc7be640fb489%20OR%20place%3A00e55e2b4c491c5f%20OR%20place%3A0105ed72415dc316%20OR%20place%3A01c46739344ba9f6%20OR%20place%3A01e9308446d7928e%20OR%20place%3A01eddd9d0dbec2c8%20OR%20place%3A59b27337f38d658b%20%22No%20Cash%22%20since%3A2022-12-01%20until%3A2023-02-24%20lang%3Aen%20-price%20-%22buy%20now%22&src=typed_query&f=live
Sun Feb 19 19:49:13 +0000 2023,1319339789150203904,Adewale_lekan07,"@Phoenix_Blazin4 Yes it is. Even when we can do anything to help it makes it even worse. But the truth again is these same ppl ve been suffering like this from b4 now. They trek for miles, with no patronage. Hungry but they have hop until someone called them. With no cash it's even bad.",https://twitter.com/Adewale_lekan07,Adewale,https://twitter.com/Adewale_lekan07/status/1627394897463414787,2023-05-03T21:49:36.632Z,https://twitter.com/search?q=place%3A005b1ca97c765852%20OR%20place%3A0065f09a6666479e%20OR%20place%3A006c6743642cb09c%20OR%20place%3A00817d75276a95cf%20OR%20place%3A0092317544a6407b%20OR%20place%3A00c769811539c617%20OR%20place%3A00dbc7be640fb489%20OR%20place%3A00e55e2b4c491c5f%20OR%20place%3A0105ed72415dc316%20OR%20place%3A01c46739344ba9f6%20OR%20place%3A01e9308446d7928e%20OR%20place%3A01eddd9d0dbec2c8%20OR%20place%3A59b27337f38d658b%20%22No%20Cash%22%20since%3A2022-12-01%20until%3A2023-02-24%20lang%3Aen%20-price%20-%22buy%20now%22&src=typed_query&f=live
Mon Feb 20 13:25:28 +0000 2023,1935520488,nokia93521,"BETTER DAYS AHEAD call me today say why I never come since, I tell am say NO CASH to pay KEKEü•±",https://twitter.com/nokia93521,Dj Finetunes,https://twitter.com/nokia93521/status/1627660710112116736,2023-05-03T21:49:36.632Z,https://twitter.com/search?q=place%3A005b1ca97c765852%20OR%20place%3A0065f09a6666479e%20OR%20place%3A006c6743642cb09c%20OR%20place%3A00817d75276a95cf%20OR%20place%3A0092317544a6407b%20OR%20place%3A00c769811539c617%20OR%20place%3A00dbc7be640fb489%20OR%20place%3A00e55e2b4c491c5f%20OR%20place%3A0105ed72415dc316%20OR%20place%3A01c46739344ba9f6%20OR%20place%3A01e9308446d7928e%20OR%20place%3A01eddd9d0dbec2c8%20OR%20place%3A59b27337f38d658b%20%22No%20Cash%22%20since%3A2022-12-01%20until%3A2023-02-24%20lang%3Aen%20-price%20-%22buy%20now%22&src=typed_query&f=live
Mon Feb 20 09:04:34 +0000 2023,142045056,omobolanlesam,"Honestly, I didn‚Äôt think it was this bad. 
Guys, it‚Äôs is BAD oh. 
Like fish market that is usually booming DEAD because no cash flow.
I had to pay 3K extra for charges.
Now, banana woman too says to do transfer I have to add 500N for 1000N banana.",https://twitter.com/omobolanlesam,"Seun BD, ACIM",https://twitter.com/omobolanlesam/status/1627595052288471041,2023-05-03T21:49:36.632Z,https://twitter.com/search?q=place%3A005b1ca97c765852%20OR%20place%3A0065f09a6666479e%20OR%20place%3A006c6743642cb09c%20OR%20place%3A00817d75276a95cf%20OR%20place%3A0092317544a6407b%20OR%20place%3A00c769811539c617%20OR%20place%3A00dbc7be640fb489%20OR%20place%3A00e55e2b4c491c5f%20OR%20place%3A0105ed72415dc316%20OR%20place%3A01c46739344ba9f6%20OR%20place%3A01e9308446d7928e%20OR%20place%3A01eddd9d0dbec2c8%20OR%20place%3A59b27337f38d658b%20%22No%20Cash%22%20since%3A2022-12-01%20until%3A2023-02-24%20lang%3Aen%20-price%20-%22buy%20now%22&src=typed_query&f=live
Mon Feb 20 10:28:17 +0000 2023,251314459,Prince_Young_O,"@MBuhari My President we hear you sir, everywhere hard because no cash  but by next week God willing cash go dey",https://twitter.com/Prince_Young_O,Prince Ofuoma,https://twitter.com/Prince_Young_O/status/1627616121611321344,2023-05-03T21:49:36.632Z,https://twitter.com/search?q=place%3A005b1ca97c765852%20OR%20place%3A0065f09a6666479e%20OR%20place%3A006c6743642cb09c%20OR%20place%3A00817d75276a95cf%20OR%20place%3A0092317544a6407b%20OR%20place%3A00c769811539c617%20OR%20place%3A00dbc7be640fb489%20OR%20place%3A00e55e2b4c491c5f%20OR%20place%3A0105ed72415dc316%20OR%20place%3A01c46739344ba9f6%20OR%20place%3A01e9308446d7928e%20OR%20place%3A01eddd9d0dbec2c8%20OR%20place%3A59b27337f38d658b%20%22No%20Cash%22%20since%3A2022-12-01%20until%3A2023-02-24%20lang%3Aen%20-price%20-%22buy%20now%22&src=typed_query&f=live
Sat Feb 18 07:18:41 +0000 2023,1283671806344404993,ikeji_keluonwa,Why is it so hard for people to adapt to this cashless policy. On God once market women and people selling edibles start accepting transfers this problem will reduce by 80%,https://twitter.com/ikeji_keluonwa,TOP BOY,https://twitter.com/ikeji_keluonwa/status/1626843630819221504,2023-05-03T21:49:36.632Z,https://twitter.com/search?q=place%3A005b1ca97c765852%20OR%20place%3A0065f09a6666479e%20OR%20place%3A006c6743642cb09c%20OR%20place%3A00817d75276a95cf%20OR%20place%3A0092317544a6407b%20OR%20place%3A00c769811539c617%20OR%20place%3A00dbc7be640fb489%20OR%20place%3A00e55e2b4c491c5f%20OR%20place%3A0105ed72415dc316%20OR%20place%3A01c46739344ba9f6%20OR%20place%3A01e9308446d7928e%20OR%20place%3A01eddd9d0dbec2c8%20OR%20place%3A59b27337f38d658b%20%22No%20Cash%22%20since%3A2022-12-01%20until%3A2023-02-24%20lang%3Aen%20-price%20-%22buy%20now%22&src=typed_query&f=live
Sun Feb 19 20:06:44 +0000 2023,2957620821,wittyhassan,"I told you I don't eat my own dinner at 6:00pm. Now, how can I get bread like this with no cash?",https://twitter.com/wittyhassan,Folorunsho Akinkunmi,https://twitter.com/wittyhassan/status/1627399306050240519,2023-05-03T21:49:36.632Z,https://twitter.com/search?q=place%3A005b1ca97c765852%20OR%20place%3A0065f09a6666479e%20OR%20place%3A006c6743642cb09c%20OR%20place%3A00817d75276a95cf%20OR%20place%3A0092317544a6407b%20OR%20place%3A00c769811539c617%20OR%20place%3A00dbc7be640fb489%20OR%20place%3A00e55e2b4c491c5f%20OR%20place%3A0105ed72415dc316%20OR%20place%3A01c46739344ba9f6%20OR%20place%3A01e9308446d7928e%20OR%20place%3A01eddd9d0dbec2c8%20OR%20place%3A59b27337f38d658b%20%22No%20Cash%22%20since%3A2022-12-01%20until%3A2023-02-24%20lang%3Aen%20-price%20-%22buy%20now%22&src=typed_query&f=live
Mon Feb 20 11:26:36 +0000 2023,1022902646,OGD95,"Well, there will be no cash this week, and I really think no transfers on Saturday. Brace up oo !",https://twitter.com/OGD95,Gbenga Daniel,https://twitter.com/OGD95/status/1627630797942321158,2023-05-03T21:49:36.632Z,https://twitter.com/search?q=place%3A005b1ca97c765852%20OR%20place%3A0065f09a6666479e%20OR%20place%3A006c6743642cb09c%20OR%20place%3A00817d75276a95cf%20OR%20place%3A0092317544a6407b%20OR%20place%3A00c769811539c617%20OR%20place%3A00dbc7be640fb489%20OR%20place%3A00e55e2b4c491c5f%20OR%20place%3A0105ed72415dc316%20OR%20place%3A01c46739344ba9f6%20OR%20place%3A01e9308446d7928e%20OR%20place%3A01eddd9d0dbec2c8%20OR%20place%3A59b27337f38d658b%20%22No%20Cash%22%20since%3A2022-12-01%20until%3A2023-02-24%20lang%3Aen%20-price%20-%22buy%20now%22&src=typed_query&f=live
Sun Feb 19 13:21:09 +0000 2023,244362090,blessed_04,"@JimmyHosang @FPLfrasier @tunkuadhikari Fans don't get one point. Mufc  don't need benefactor to compete, however glazers have made d need for a benefactor inevitable by demanding ¬£5b. I dont know any private investor who will put in ¬£7b in an asset, no dividend,&amp;  can't sell. No cash flow from investment for years.",https://twitter.com/blessed_04,Olufemi Adebayo,https://twitter.com/blessed_04/status/1627297235246481408,2023-05-03T21:49:36.632Z,https://twitter.com/search?q=place%3A005b1ca97c765852%20OR%20place%3A0065f09a6666479e%20OR%20place%3A006c6743642cb09c%20OR%20place%3A00817d75276a95cf%20OR%20place%3A0092317544a6407b%20OR%20place%3A00c769811539c617%20OR%20place%3A00dbc7be640fb489%20OR%20place%3A00e55e2b4c491c5f%20OR%20place%3A0105ed72415dc316%20OR%20place%3A01c46739344ba9f6%20OR%20place%3A01e9308446d7928e%20OR%20place%3A01eddd9d0dbec2c8%20OR%20place%3A59b27337f38d658b%20%22No%20Cash%22%20since%3A2022-12-01%20until%3A2023-02-24%20lang%3Aen%20-price%20-%22buy%20now%22&src=typed_query&f=live
Sat Feb 18 12:00:48 +0000 2023,1563058759932706816,Adekunleautos,@RealSamboFatiu I Dey ma‚Äùad naajah haflar now ‚Ä¶ haflar Dey haflahin small small ‚Ä¶ no cash even donation na by transfer,https://twitter.com/Adekunleautos,Sodiq Gbadebo,https://twitter.com/Adekunleautos/status/1626914625743736832,2023-05-03T21:49:36.632Z,https://twitter.com/search?q=place%3A005b1ca97c765852%20OR%20place%3A0065f09a6666479e%20OR%20place%3A006c6743642cb09c%20OR%20place%3A00817d75276a95cf%20OR%20place%3A0092317544a6407b%20OR%20place%3A00c769811539c617%20OR%20place%3A00dbc7be640fb489%20OR%20place%3A00e55e2b4c491c5f%20OR%20place%3A0105ed72415dc316%20OR%20place%3A01c46739344ba9f6%20OR%20place%3A01e9308446d7928e%20OR%20place%3A01eddd9d0dbec2c8%20OR%20place%3A59b27337f38d658b%20%22No%20Cash%22%20since%3A2022-12-01%20until%3A2023-02-24%20lang%3Aen%20-price%20-%22buy%20now%22&src=typed_query&f=live
Sat Feb 18 19:51:21 +0000 2023,2848603625,carrotop_ds,"@crazyandblue @DavidAjide @gtbank @gtbank_help I tire ooo....dis ""no cash"" of a thing dae vex me oooo....",https://twitter.com/carrotop_ds,Demi Sunday,https://twitter.com/carrotop_ds/status/1627033044841336832,2023-05-03T21:49:36.632Z,https://twitter.com/search?q=place%3A005b1ca97c765852%20OR%20place%3A0065f09a6666479e%20OR%20place%3A006c6743642cb09c%20OR%20place%3A00817d75276a95cf%20OR%20place%3A0092317544a6407b%20OR%20place%3A00c769811539c617%20OR%20place%3A00dbc7be640fb489%20OR%20place%3A00e55e2b4c491c5f%20OR%20place%3A0105ed72415dc316%20OR%20place%3A01c46739344ba9f6%20OR%20place%3A01e9308446d7928e%20OR%20place%3A01eddd9d0dbec2c8%20OR%20place%3A59b27337f38d658b%20%22No%20Cash%22%20since%3A2022-12-01%20until%3A2023-02-24%20lang%3Aen%20-price%20-%22buy%20now%22&src=typed_query&f=live
Sat Feb 18 15:33:24 +0000 2023,1065994889144532992,kri8tif_Blarab,"I had no cash this morning. Kuda failed to validate bank name so i couldn't pay for food via transfer. Polaris eValute was also practically useless. Couldn't do shit. 
What's the point of cashless policy without a reliable structure to back it up.",https://twitter.com/kri8tif_Blarab,Blarab of Westeros,https://twitter.com/kri8tif_Blarab/status/1626968131884269569,2023-05-03T21:49:36.632Z,https://twitter.com/search?q=place%3A005b1ca97c765852%20OR%20place%3A0065f09a6666479e%20OR%20place%3A006c6743642cb09c%20OR%20place%3A00817d75276a95cf%20OR%20place%3A0092317544a6407b%20OR%20place%3A00c769811539c617%20OR%20place%3A00dbc7be640fb489%20OR%20place%3A00e55e2b4c491c5f%20OR%20place%3A0105ed72415dc316%20OR%20place%3A01c46739344ba9f6%20OR%20place%3A01e9308446d7928e%20OR%20place%3A01eddd9d0dbec2c8%20OR%20place%3A59b27337f38d658b%20%22No%20Cash%22%20since%3A2022-12-01%20until%3A2023-02-24%20lang%3Aen%20-price%20-%22buy%20now%22&src=typed_query&f=live
Thu Feb 16 06:31:39 +0000 2023,249725098,olulion,"@sarnchos Now they have no options. N200 or nothing

If I will get N80k in N5 denomination today I will do a Thanksgiving dance. For 6 days now, I have stock I bought with mouth no cash to pick them up.",https://twitter.com/olulion,Olufadeju,https://twitter.com/olulion/status/1626107018514685952,2023-05-03T21:49:36.632Z,https://twitter.com/search?q=place%3A005b1ca97c765852%20OR%20place%3A0065f09a6666479e%20OR%20place%3A006c6743642cb09c%20OR%20place%3A00817d75276a95cf%20OR%20place%3A0092317544a6407b%20OR%20place%3A00c769811539c617%20OR%20place%3A00dbc7be640fb489%20OR%20place%3A00e55e2b4c491c5f%20OR%20place%3A0105ed72415dc316%20OR%20place%3A01c46739344ba9f6%20OR%20place%3A01e9308446d7928e%20OR%20place%3A01eddd9d0dbec2c8%20OR%20place%3A59b27337f38d658b%20%22No%20Cash%22%20since%3A2022-12-01%20until%3A2023-02-24%20lang%3Aen%20-price%20-%22buy%20now%22&src=typed_query&f=live
Thu Feb 16 20:13:24 +0000 2023,290591003,Abidoye25,"Now that you have taken our money away, No Cash, No Transfer, No Network. I hope you won't accuse Us again that we  were bribed, When Jagaban Win 2023 Election
#RenewedHope2023 
#TinubuShettima2023 https://t.co/EC9M9Y8NgU",https://twitter.com/Abidoye25,Abidoye Babatunde A,https://twitter.com/Abidoye25/status/1626313819768205314,2023-05-03T21:49:36.632Z,https://twitter.com/search?q=place%3A005b1ca97c765852%20OR%20place%3A0065f09a6666479e%20OR%20place%3A006c6743642cb09c%20OR%20place%3A00817d75276a95cf%20OR%20place%3A0092317544a6407b%20OR%20place%3A00c769811539c617%20OR%20place%3A00dbc7be640fb489%20OR%20place%3A00e55e2b4c491c5f%20OR%20place%3A0105ed72415dc316%20OR%20place%3A01c46739344ba9f6%20OR%20place%3A01e9308446d7928e%20OR%20place%3A01eddd9d0dbec2c8%20OR%20place%3A59b27337f38d658b%20%22No%20Cash%22%20since%3A2022-12-01%20until%3A2023-02-24%20lang%3Aen%20-price%20-%22buy%20now%22&src=typed_query&f=live
Wed Feb 15 22:14:10 +0000 2023,3940592679,__InTeaW,"Banking apps trash
Glo, Mtn and NTEL trash
UBA trash
No cash‚Äîtrash üò≠üò≠ 

Allah Mungode maka",https://twitter.com/__InTeaW,Intea ¬£,https://twitter.com/__InTeaW/status/1625981822344564736,2023-05-03T21:49:36.632Z,https://twitter.com/search?q=place%3A005b1ca97c765852%20OR%20place%3A0065f09a6666479e%20OR%20place%3A006c6743642cb09c%20OR%20place%3A00817d75276a95cf%20OR%20place%3A0092317544a6407b%20OR%20place%3A00c769811539c617%20OR%20place%3A00dbc7be640fb489%20OR%20place%3A00e55e2b4c491c5f%20OR%20place%3A0105ed72415dc316%20OR%20place%3A01c46739344ba9f6%20OR%20place%3A01e9308446d7928e%20OR%20place%3A01eddd9d0dbec2c8%20OR%20place%3A59b27337f38d658b%20%22No%20Cash%22%20since%3A2022-12-01%20until%3A2023-02-24%20lang%3Aen%20-price%20-%22buy%20now%22&src=typed_query&f=live
Fri Feb 17 05:43:26 +0000 2023,870955162298396677,shopnerrands,"Getting cash to buy food now is challenging. With @shopnerrands, you do not have to worry about that. 

Send us your list today. Let's help you stock up before the elections. If there's no cash at hand, you can still have food  at home. 
We have ready packages that you can take https://t.co/COSN1m1hVq",https://twitter.com/shopnerrands,Shop'n'Errands,https://twitter.com/shopnerrands/status/1626457273659793408,2023-05-03T21:49:36.632Z,https://twitter.com/search?q=place%3A005b1ca97c765852%20OR%20place%3A0065f09a6666479e%20OR%20place%3A006c6743642cb09c%20OR%20place%3A00817d75276a95cf%20OR%20place%3A0092317544a6407b%20OR%20place%3A00c769811539c617%20OR%20place%3A00dbc7be640fb489%20OR%20place%3A00e55e2b4c491c5f%20OR%20place%3A0105ed72415dc316%20OR%20place%3A01c46739344ba9f6%20OR%20place%3A01e9308446d7928e%20OR%20place%3A01eddd9d0dbec2c8%20OR%20place%3A59b27337f38d658b%20%22No%20Cash%22%20since%3A2022-12-01%20until%3A2023-02-24%20lang%3Aen%20-price%20-%22buy%20now%22&src=typed_query&f=live
Fri Feb 17 18:42:29 +0000 2023,552396229,MuyiwaWilliams_,"No Cash, Road just free anyhow.",https://twitter.com/MuyiwaWilliams_,Muyiwa Williams,https://twitter.com/MuyiwaWilliams_/status/1626653325520211974,2023-05-03T21:49:36.632Z,https://twitter.com/search?q=place%3A005b1ca97c765852%20OR%20place%3A0065f09a6666479e%20OR%20place%3A006c6743642cb09c%20OR%20place%3A00817d75276a95cf%20OR%20place%3A0092317544a6407b%20OR%20place%3A00c769811539c617%20OR%20place%3A00dbc7be640fb489%20OR%20place%3A00e55e2b4c491c5f%20OR%20place%3A0105ed72415dc316%20OR%20place%3A01c46739344ba9f6%20OR%20place%3A01e9308446d7928e%20OR%20place%3A01eddd9d0dbec2c8%20OR%20place%3A59b27337f38d658b%20%22No%20Cash%22%20since%3A2022-12-01%20until%3A2023-02-24%20lang%3Aen%20-price%20-%22buy%20now%22&src=typed_query&f=live
Thu Feb 16 18:39:43 +0000 2023,700655993546379267,VawulencePRO,"Omo today, I trek life wan tire me, I get money but hunger wan finish me.

Money in the bank but nowhere to withdraw, money in the bank but no cash to eat.

This is called Famine if you don't know and the famine will become bigger if care is not taken. Nigeria is hell.",https://twitter.com/VawulencePRO,Vawulence PROüíé,https://twitter.com/VawulencePRO/status/1626290244583583747,2023-05-03T21:49:36.632Z,https://twitter.com/search?q=place%3A005b1ca97c765852%20OR%20place%3A0065f09a6666479e%20OR%20place%3A006c6743642cb09c%20OR%20place%3A00817d75276a95cf%20OR%20place%3A0092317544a6407b%20OR%20place%3A00c769811539c617%20OR%20place%3A00dbc7be640fb489%20OR%20place%3A00e55e2b4c491c5f%20OR%20place%3A0105ed72415dc316%20OR%20place%3A01c46739344ba9f6%20OR%20place%3A01e9308446d7928e%20OR%20place%3A01eddd9d0dbec2c8%20OR%20place%3A59b27337f38d658b%20%22No%20Cash%22%20since%3A2022-12-01%20until%3A2023-02-24%20lang%3Aen%20-price%20-%22buy%20now%22&src=typed_query&f=live
Sat Feb 18 07:52:12 +0000 2023,1220624750956961792,Shes_grace_,"Person no dey chop for dream again
No cash to buy ingredients for dream üòÇ üò≠üòÇ",https://twitter.com/Shes_grace_,Rose üåπ‚ú®üá≥üá¨,https://twitter.com/Shes_grace_/status/1626852065854062592,2023-05-03T21:49:36.632Z,https://twitter.com/search?q=place%3A005b1ca97c765852%20OR%20place%3A0065f09a6666479e%20OR%20place%3A006c6743642cb09c%20OR%20place%3A00817d75276a95cf%20OR%20place%3A0092317544a6407b%20OR%20place%3A00c769811539c617%20OR%20place%3A00dbc7be640fb489%20OR%20place%3A00e55e2b4c491c5f%20OR%20place%3A0105ed72415dc316%20OR%20place%3A01c46739344ba9f6%20OR%20place%3A01e9308446d7928e%20OR%20place%3A01eddd9d0dbec2c8%20OR%20place%3A59b27337f38d658b%20%22No%20Cash%22%20since%3A2022-12-01%20until%3A2023-02-24%20lang%3Aen%20-price%20-%22buy%20now%22&src=typed_query&f=live
Thu Feb 16 19:12:23 +0000 2023,484507065,ismailaniemu,This Harmattan coming in mid February at a time of cash crunch should have known that there is no cash to buy vaseline,https://twitter.com/ismailaniemu,ismail aniemu,https://twitter.com/ismailaniemu/status/1626298464790364161,2023-05-03T21:49:36.632Z,https://twitter.com/search?q=place%3A005b1ca97c765852%20OR%20place%3A0065f09a6666479e%20OR%20place%3A006c6743642cb09c%20OR%20place%3A00817d75276a95cf%20OR%20place%3A0092317544a6407b%20OR%20place%3A00c769811539c617%20OR%20place%3A00dbc7be640fb489%20OR%20place%3A00e55e2b4c491c5f%20OR%20place%3A0105ed72415dc316%20OR%20place%3A01c46739344ba9f6%20OR%20place%3A01e9308446d7928e%20OR%20place%3A01eddd9d0dbec2c8%20OR%20place%3A59b27337f38d658b%20%22No%20Cash%22%20since%3A2022-12-01%20until%3A2023-02-24%20lang%3Aen%20-price%20-%22buy%20now%22&src=typed_query&f=live
Fri Feb 17 16:04:18 +0000 2023,4384216996,princezeezay,"Why are there no cash for people to make basic payments? How do I buy N300 pepper. Transfer? Ooh it might not even be successful.

I couldn't go to work today because I couldn't access any money at all either new notes or the allowed old notes. Implementation is d issue here.",https://twitter.com/princezeezay,Abdulazeez Adegoke,https://twitter.com/princezeezay/status/1626613520308609027,2023-05-03T21:49:36.632Z,https://twitter.com/search?q=place%3A005b1ca97c765852%20OR%20place%3A0065f09a6666479e%20OR%20place%3A006c6743642cb09c%20OR%20place%3A00817d75276a95cf%20OR%20place%3A0092317544a6407b%20OR%20place%3A00c769811539c617%20OR%20place%3A00dbc7be640fb489%20OR%20place%3A00e55e2b4c491c5f%20OR%20place%3A0105ed72415dc316%20OR%20place%3A01c46739344ba9f6%20OR%20place%3A01e9308446d7928e%20OR%20place%3A01eddd9d0dbec2c8%20OR%20place%3A59b27337f38d658b%20%22No%20Cash%22%20since%3A2022-12-01%20until%3A2023-02-24%20lang%3Aen%20-price%20-%22buy%20now%22&src=typed_query&f=live